"Blog, title, Date"
/blog/student-interview-lena-ryoo,Student Interview: Lena Ryoo on Company Projects,2019-05-15
/blog/debugging-like-a-scientist,Debugging Like a Scientist,2019-04-29
/blog/benefits-of-code-reviews,The Benefits of Code Reviews,2019-03-29
/blog/three-more-js-mistakes-that-beginners-make,Three More JavaScript Mistakes That Beginners Make,2019-03-07
/blog/alumni-spotlight-miranda,Alumni Spotlight: Miranda Howitt,2019-02-12
/blog/alumni-spotlight-kristen,Alumni Spotlight: Kristen Lingwood,2019-02-06
/blog/alumni-spotlight-tyler,Alumni Spotlight: Tyler Ketron,2019-01-30
/blog/avoiding-burnout,Avoiding Burnout,2019-01-09
/blog/student-interview-sarah-zac,Student Interview: Sarah + Zac on Company Projects,2018-12-18
/blog/new-tuition-option,A New Tuition Option: We Make Money Only When You Do,2018-12-11
